Марка,Возраст_дн,mass,Максимальная температура,Темп_изменение,weekday,month,t,p,humidity,fire_proba,fire_pred
A1,30,1000,25,1,1,6,20,1013,70,0.015997,0
E5,150,3000,60,5,3,7,30,1008,45,0.343958,1
A1,250,6000,85,12,5,8,35,1005,30,0.471101,1
A1,45,1500,35,-2,2,9,25,1015,60,0.003461,0
E5,180,4500,75,8,4,10,15,1020,80,0.129095,1